id;code;NbDoc;Pertinence;parent;lft;rgt;copie;geo;Explode 1;Explode 2;ajout;Supp
3980; PUBLICATIONS;1;0.936167240142822;;;;;;;;;
2450; Sciences sociales ;1;1.86253583431244;;;;;;;;;
1410;7ème PCRDT ;5;5.40454772114754;;;;;;;;;
483;A la Une;2;1.61557817459106;;;;;;;;;
347;A lire;5;5.76035666465759;;;;;;;;;
497;Académique;4;4.98698687553406;;;;;;;;;
671;Accord;7;7.68135541677475;;;;;;;;;
4704;Accords;1;1.12875545024872;;;;671;;;;;
663;Acoustique;12;8.72942537069321;;;;;;;;;
4510;Action humanitaire;1;0.806646406650543;;;;;;;;;
4455;activités de recherche;1;0.671672701835632;;;;;;;;;
2085;Activités en émergence;2;2.65413045883179;;;;;;;;;
4705;Actualité;79;86.4020372033119;;;;724;;;;;
724;Actualités;72;80.2998234927654;;;;;;;;;
2072;Adaptronique;1;0.490727037191391;;;;;;;;;
4280;Aérodynamique;2;0.862122356891632;;;;;;;;;
335;Aéronautique;103;107.631919592619;;;;;;;;;
739;Aérospatial;22;23.5312975347042;;;;;;;;;
456;Agenda;23;37.6232225000858;;;;;;;;;
4057;Agribusiness;1;0.772304475307465;;;;;;;;;
450;Agriculture;49;49.8140351474285;;;;;;;;;
4707;agro-alimentaire;4;3.72226339578629;;;;4677;;;;;
1873;Agro-économie;1;0.598089754581451;;;;;;;;;
2518;Agro-industries;1;1.27376317977905;;;;;;;;;
4677;Agroalimentaire;69;67.775106549263;;;;;;;;;
4670;Agrochimie;1;0.184128746390343;;;;;;;;;
386;Agronomie;248;213.211518675089;;;;;;;;;
4456;Algorithmes;1;0.26124495267868;;;;;;;;TIC;
1524;Alimentaire;3;3.31624227762222;;;;440;;;;;
440;Alimentation;18;16.0432135164738;;;;;;;;;
2317;Amazonie;2;2.28698921203613;;;;;;;;;
2002;Aménagement du territoire;2;1.36146056652069;;;;;;;;;
1591;Analyse comportementale;1;0.775583565235138;;;;;;;;;
1159;Analyse et observation de la matière;1;0.606001615524292;;;;;;;;;
1892;Animaux;1;0.555507481098175;;;;;;;;;
2569;Année de l'informatique;1;1.27726399898529;;;;;;;;;oui
818;Année Internationale de l'Energie Durable pour Tous;1;0.892769694328308;;;;;;;;;oui
2284;Année Polaire Internationale;7;9.66530382633209;;;;;;;;;
4205;Anniversaire;7;3.95187112689018;;;;;;;;;
2852;Annonce;3;4.19270157814026;;;;1554;;;;;
1741;Annonce de congrès;1;1.07124471664429;;;;1554;;;;;
4393;Annonce gouvernementale;1;0.891572296619415;;;;1554;;;;;
1554;Annonces;20;17.0791549384594;;;;;;;;;
4743;Antarctique;17;16.8901405930519;;;;;;;;;
754;Anthropologie;4;3.53334248065948;;;;;;;;;
1354;Apiculture;1;0.346695065498352;;;;;;;;;
2022;Appel à candidature;8;10.0727855563164;;;;;;;;;
1099;Appel à Participation;2;1.42386811971664;;;;;;;;;
1131;Appel à projets;28;30.1138381361961;;;;;;;;;
965;Appel d'offre;11;15.126159965992;;;;;;;;;
4717;appels d'offres;1;0.925890803337097;;;;965;;;;;
3451;Applications Multimédia;1;2.30733799934387;;;;;;;;TIC;
3419;Applications technologiques;1;1.73921835422516;;;;;;;;TIC;
1199;Apprentissage automatique;1;1.74088168144226;;;;;;;;TIC;
1170;Apprentissage virtuel;1;2.95275235176086;;;;;;;;TIC;
706;aquaculture;13;10.2953553497791;;;;;;;;;
327;archéologie;37;29.2437678277493;;;;;;;;;
1535;Archéologie et Métallurgie;1;0.51720517873764;;;;327;;;;;
3665;Archéométrie;1;1.34132981300354;;;;;;;;;
617;Arctique;2;2.18297302722931;;;;;;;;;
1195;Armement;1;1.08908712863922;;;;;;;;;
1902;Article de synthèse;12;13.1241499185562;;;;;;;;;
4471;Arts;3;3.90393167734146;;;;;;;;;
1482;Arts, sciences et technologies;1;1.65348863601685;;;;;;;;SIC;
1413;Astronautique;2;1.06761625409126;;;;;;;;;
506;astronomie;59;47.5104644596577;;;;;;;;;
558;Astrophysique;20;12.5486914813519;;;;;;;;;
2166;Attractivité;4;3.57484042644501;;;;;;;;;
349;Au coeur des régions;19;18.9620485305786;;;;;;;;;
1473;Audiovisuel;3;5.3027970790863;;;;;;;;;
3157;Automatique;3;3.53097599744797;;;;;;;;;
780;Automobile;20;24.5059768557549;;;;;;;;;
4652;Autoroutes de l'information;150;218.753582239151;;;;;;;;TIC;
1380;Autres;3;2.39127331972122;;;;;;;;;
1754;Avancées;1;0.76310533285141;;;;;;;;;
1711;Avancées en génétique;1;1.05841839313507;;;;;;;;;
834;Avancées scientifiques;1;0.424065917730331;;;;;;;;;
774;Avancées scientifiques dans les sciences du vivant;5;2.6520648598671;;;;834;;;;;
678;Avancées scientifiques et technologiques;1;0.468551695346832;;;;834;;;;;
420;Avancées technologiques;4;3.68242335319519;;;;;;;;;
776;Avancées technologiques au service des sciences du vivant;1;0.812607407569885;;;;420;;;;;
3037;Avionique;1;0.441331505775452;;;;;;;;;
4693;Bactéries;1;0.47171750664711;;;;;;;;;
690;Bactériologie;2;1.31357789039612;;;;;;;;;
1844;Baromètre;182;203.961032047868;;;;;;;;;
1489;Bâtiment;18;25.1697829067707;;;;;;;;;
1762;Bâtiment Energie;2;0.951212495565414;;;;;;;;;
1515;Batteries;1;0.772042453289032;;;;;;;;;
4376;Bicentenaire du CNAM;1;0.276505649089813;;;;;;;;;oui
4410;Big Data;3;6.40771925449371;;;;;;;;TIC;
1555;Bilan;1;1.42341291904449;;;;;;;;;
4371;Billetique;1;0.320775300264359;;;;;;;;;
4695;Bio;1;0.800506949424744;;;;;;;;;
3960;Bio médecine;1;1.77151370048523;;;;;;;;;
747;Bioaccoustique;1;0.995421350002289;;;;;;;;;
415;Biocarburant;6;4.29935798048973;;;;;;;;;
635;Biochimie;9;6.55164900422096;;;;;;;;;
445;Biodiversité;22;18.5040828585625;;;;;;;;;
4534;Biodynamique;1;1.00674998760223;;;;;;;;;
535;Bioéconomie;1;0.907344996929169;;;;;;;;;
750;Bioénergie;1;0.516269683837891;;;;;;;;;
600;Bioéthique;9;6.91671180725098;;;;;;;;;
552;Bioinformatique;8;5.74180379509926;;;;;;;;;
328;Biologie;424;382.335409298539;;;;;;;;;
1950;Biologie animale;2;1.0589391887188;;;;;;;;;
1030;Biologie cellulaire;2;2.48988473415375;;;;;;;;;
1073;Biologie Comportementale;1;0.715149462223053;;;;;;;;;
4402;Biologie de l'évolution;1;0.83330774307251;;;;;;;;;
2468;Biologie des systèmes;1;1.41072702407837;;;;;;;;;
652;Biologie du Cancer;1;0.246977508068085;;;;;;;;;
748;Biologie du comportement;1;0.371660053730011;;;;;;;;;
928;Biologie du développement;1;0.487821906805038;;;;;;;;;
3511;Biologie et pharmacologie;2;1.68981790542603;;;;;;;;;
1019;Biologie marine;4;3.25033974647522;;;;;;;;;
711;Biologie Médecine;2;2.79097628593445;;;;;;;;;
3050;Biologie Médecine Santé;27;21.420382887125;;;;711;;;;;
919;Biologie moléculaire;11;8.65180498361588;;;;;;;;;
873;Biologie Végétale;3;2.18441042304039;;;;;;;;;
974;Biologie-Médecine;6;6.38804221153259;;;;711;;;;;
949;Biologie-Santé;2;2.49811965227127;;;;711;;;;;
809;Biomatériaux;3;1.86827757954597;;;;;;;;;
955;Biomécanique;2;1.2002426981926;;;;;;;;;
1048;Biomédecine;7;4.56967061758041;;;;711;;;;;
913;Biomédical;19;20.9490010142326;;;;711;;;;;
429;Biométrie;2;1.71356308460236;;;;;;;;;
2410;Biomimétique;1;0.897787868976593;;;;;;;;;
1908;Bionique;1;0.57932984828949;;;;;;;;;
2162;Biopharmacie;1;0.580759584903717;;;;;;;;;
726;biophysique;3;1.76360201835632;;;;;;;;;
2444;Bioplastiques;1;1.04878830909729;;;;;;;;;
567;Biosciences;2;2.04994344711304;;;;;;;;;
1678;Biosécurité;1;0.67539393901825;;;;;;;;;
1388;Biosphère;1;0.450231641530991;;;;;;;;;
3670;Biosystèmes.;1;1.66753435134888;;;;;;;;;
331;biotechnologie;94;87.760575324297;;;;4706;;;;;
2251;Biotechnologie Ressource minière;1;1.67785465717316;;;;;;;;;
4706;Biotechnologies;157;165.355069041252;;;;;;;;;
3706;Biotechnologies humaines;1;0.899178862571716;;;;;;;;;
1366;Biotechnologies marines;1;0.618634819984436;;;;;;;;;
637;Botanique;1;0.338028788566589;;;;;;;;;
2417;Bourses;8;11.0555048584938;;;;;;;;;
565;Bourses du gouvernement français;2;1.72037675976753;;;;2417;;;;;
3639;Bourses et Coopération :;1;0.958385407924652;;;;2417;;;;;
400;Brèves;34;38.5378089249134;;;;;;;;;
3452;Brevets;3;3.80765867233276;;;;;;;;;
1374;BTP;3;3.98615643382072;;;;;;;;;
1632;Budget;1;1.78643083572388;;;;;;;;;
4525;Business Intelligence;1;0.973947823047638;;;;;;;;;
785;Cahier spécial;3;2.14781373739243;;;;;;;;;
1370;"Cahier spécial \""Solar Decathlon\"";""2";0.360992074012756;;;;;;;;;;oui
766;Cahier thématique;1;0.230191960930824;;;;;;;;;
1152;Calcul intensif;1;0.384264469146729;;;;;;;;;
2837;Calcul scientifique;1;1.87671709060669;;;;;;;;;
808;Calculs quantiques;1;0.341238409280777;;;;;;;;;
657;Calendrier;2;1.9922491312027;;;;;;;;;
1825;Campagne publique;1;0.724908232688904;;;;;;;;;
548;Cancer;3;1.53447499871254;;;;;;;;;
846;Cancérologie;5;2.60818880796432;;;;;;;;;
1103;Capture et stockage du carbone;1;0.848721861839294;;;;;;;;;
849;Cardiologie;2;1.69348388910294;;;;;;;;;
1776;Carrières scientifiques;2;2.04998928308487;;;;;;;;;
1217;Cartographie;4;4.10353076457977;;;;;;;;SIC;
1833;Catastrophe naturelle;1;0.460289061069489;;;;;;;;;
4621;cellule;1;1.07133209705353;;;;;;;;;
736;Cellules souches;1;0.264824062585831;;;;;;;;;
1924;Cellules souches embryonnaires;1;0.305306553840637;;;;736;;;;;
2885;CenDoTec;1;0.89110654592514;;;;;;;;;oui
722;Centre Copernic;2;0.601298660039902;;;;;;;;;
777;Centre de recherche;6;6.57124292850494;;;;;;;;;
3863;Centres de recherche d'excellence;4;3.38303133845329;;;;777;;;;;
1857;Cérémonie;2;2.61402797698975;;;;;;;;;
324;Cerveau;7;5.52298083901405;;;;;;;;;
859;Changement au sein de la KNAW;1;0.626702964305878;;;;;;;;;oui
629;Changement climatique;12;8.33615905046463;;;;;;;;;
1408;Chercheur de l'année 2009;1;0.84417736530304;;;;;;;;;oui
323;Chimie;153;142.85597743094;;;;;;;;;
4537;Chimie combinatoire;1;0.554871320724487;;;;;;;;;
950;Chimie des matériaux;1;0.912597239017487;;;;;;;;;
1688;Chimie des polymères ;1;0.61962217092514;;;;;;;;;
1110;Chimie du pétrole;1;0.408951073884964;;;;;;;;;
1990;Chimie physique;1;0.683275163173676;;;;;;;;;
733;Chirurgie;2;1.14754584431648;;;;;;;;;
2007;Ciel et Espace;1;0.584028780460358;;;;;;;;;
4672;Cinquantenaire de l'IFP;1;0.300248891115189;;;;;;;;;oui
4334;Cinquantenaire du CEA;7;3.3089208304882;;;;;;;;;oui
4668;Cinquantenaire du CNET;2;1.95866459608078;;;;;;;;;oui
566;Classement des Universités ;5;3.60975995659828;;;;;; des ;;;
4422;Classements;1;0.430230259895325;;;;;;;;;
382;climat;27;21.226723253727;;;;;;;;;
1899;Climat et Environnement;1;1.26412796974182;;;;382;;;;;
1984;Climat et sciences de la Terre;2;1.09596133232117;;;;382;;;;;
763;Climatologie;10;7.55697399377823;;;;382;;;;;
524;Clonage;2;2.00118869543076;;;;;;;;;
1274;Cluster;1;1.9920529127121;;;;;;;;;
543;Collaboration;17;18.2899105548859;;;;;;;;;
517;Colloque;19;21.5824605673552;;;;;;;;;
4713;Colloques;1;0.695757865905762;;;;517;;;;;
1631;Communication;44;96.5433054566383;;;;;;;;SIC;
1144;Communication & Innovation;1;1.18387949466705;;;;;;;;SIC;
2367;Communication du service scientifique;10;13.7443814277649;;;;;;;;;
656;Communication scientifique;4;11.3345584869385;;;;;;;;;
4722;Communications;17;18.6254005730152;;;;;;;;;
4556;Communications aériennes;1;1.41737532615662;;;;;;;;;
2338;Compétitivité;1;0.831719279289246;;;;;;;;;
2820;Complément d'information;1;1.00391638278961;;;;;;;;;oui
916;Conférence;124;161.644443973899;;;;;;;;;
4714;conférences;14;24.295264005661;;;;916;;;;;
1841;Congrès;17;28.785427749157;;;;;;;;;
4635;Conservation;2;0.492355704307556;;;;;;;;;
2173;Consommation;1;2.71357941627502;;;;;;;;;
1237;Construction;22;24.9688993096352;;;;;;;;;
760;Construction navale;1;0.731991469860077;;;;;;;;;
4417;Consultation publique en science & technologie;1;0.964849412441254;;;;;;;;;oui
473;coopération;110;134.103742033243;;;;;;;;;
627;Coopération bilatérale;6;6.46621000766754;;;;;;;;;
1799;Coopération européenne scientifique;2;2.9056499004364;;;;;;;;;
537;Coopération internationale;28;37.0696043670177;;;;;;;;;
4485;Coopération public privée;1;0.912048578262329;;;;473;;;;;
613;Coopération scientifique;60;72.7659144997597;;;;;;;;;
614;Coopération Universitaire;29;30.6667297780514;;;;;;;;;
1541;Coopérations environnementales;1;0.39980673789978;;;;;;;;;
1175;Coopérations internationales;8;10.0517952442169;;;;537;;;;;
3439;Coopérations technologiques;4;4.052883207798;;;;;;;;;
1432;Copernic fait l'actualité;1;0.419791489839554;;;;;;;;;oui
4516;Cosmétique;3;1.3991427719593;;;;;;;;;
2896;Cryptographie;1;0.844256937503815;;;;;;;;;
1236;Cryptologie;1;1.39487600326538;;;;;;;;;
1460;Cultural Tech;2;1.16768944263458;;;;;;;;;
1664;Culture & societé;2;1.19215598702431;;;;;;;;SIC;
568;Culture scientifique;14;14.2867721915245;;;;;;;;;
1163;Débat d'idées;1;1.79449641704559;;;;;;;;;oui
4633;Déchets;1;0.474053919315338;;;;;;;;;
3456;Décoration;7;11.9984683394432;;;;;;;;;
861;Découverte;14;13.6974805891514;;;;;;;;;
589;Défense;15;14.1260050833225;;;;;;;;;
1796;Dépêches scientifiques et technologiques;1;0.395174890756607;;;;;;;;;oui
3319;Dernière minute;4;4.24212148785591;;;;;;;;;
1876;Des livres à lire;2;1.52516946196556;;;;;;;;;oui
1967;Design;1;0.410047560930252;;;;;;;;;
4658;Détecter;1;0.255504012107849;;;;;;;;;
1406;Développement;1;1.87502765655518;;;;;;;;;
457;développement durable;15;14.24204865098;;;;;;;;;
816;Développement urbain durable;3;3.30657437443733;;;;457;;;;;
4476;Didactique de la connaissance;1;0.424211174249649;;;;;;;;SIC;
2555;Diffusion scientifique;1;3.30112195014954;;;;;;;;;oui
4445;Diplômes d'ingénieurs;1;1.2474262714386;;;;;;;;;oui
412;Dispositifs médicaux;1;0.346723645925522;;;;;;;;;
710;Distinction;18;17.8955755829811;;;;;;;;;
628;Divers;39;47.1990132927895;;;;;;;;;
3918;Domaine Spatial ;2;4.1868736743927;;;;;;;;;
1619;Domotique;3;4.41253966093063;;;;;;;;;
4698;données;1;1.70018124580383;;;;;;;;;oui
650;Dossier;70;72.958388954401;;;;;;;;;
3898;Dossier : Coopération franco-australienne en médecine nucléaire;1;0.870509088039398;;;;650;;;;;
3899;DOSSIER : Les récifs coralliens, un trésor de la biodiversité en danger;1;0.277825862169266;;;;650;;;;;
2334;Dossier bimestriel;2;1.50415477156639;;;;650;;;;;
3921;Dossier du mois : la Faculté d'Electrotechnique de Ljubljana;1;0.78344863653183;;;;650;;;;;
520;Dossier Espace;3;3.12477695941925;;;;;;;;;
2725;Dossier mensuel;2;2.96293294429779;;;;;;;;;
3140;Dossier sectoriel;58;53.0181032568216;;;;;;;;;
466;Dossier spécial;8;4.60206201672554;;;;;;;;;
4595;Droit;1;1.37341022491455;;;;;;;;;
1537;Droits de l'homme;1;0.564649939537048;;;;;;;;;
2158;Du côté de la Bavière;4;5.23471307754517;;;;;;;;;oui
946;Du côté des instituts;7;4.9432187974453;;;;;;;;;oui
448;Du côté des pôles;13;11.7472026050091;;;;;;;;;
1167;Du côté des Polonium;4;6.07714438438416;;;;;;;;;oui
900;Eau;15;16.6152192950249;;;;;;;;;
1221;Eclairage;9;7.18858999013901;;;;;;;;;
4605;Ecoles d'été;1;1.08480763435364;;;;;;;;;
827;Ecologie;22;21.8981136083603;;;;;;;;;
855;Ecologie et environnement;3;2.37057423591614;;;;827;;;;;
2156;Ecologie et réchauffement climatique;1;0.616014361381531;;;;827;;;;;
435;Economie;4;4.72472721338272;;;;;;;;;
3013;Economie de la connaissance;1;0.743896901607513;;;;;;;;SIC;
4526;Edition;2;4.40675854682922;;;;;;;;;
476;Editorial;93;78.9744134843349;;;;;;;;;
887;éducation;69;109.271209478378;;;;;;;;;
4097;Education - Recherche;3;5.42028772830963;;;;887;;;;;
4058;Education et formation scientifique;1;0.646521389484406;;;;887;;;;;
3826;Education et Politique de la recherche;1;2.07320046424866;;;;887;;;;;
616;Efficacité énergétique;3;4.27312976121902;;;;;;;;;
3052;eGouvernement;1;1.55903673171997;;;;;;;;SIC;
2071;Electricité;2;1.13542795181274;;;;;;;;;
332;Electromobilité;23;29.2932235896587;;;;;;;;;
342;Electronique;212;289.682577580214;;;;;;;;;
2304;Electronique embarquée;1;0.768616378307343;;;;;;;;;
504;Electronique et informatique;1;0.592762529850006;;;;;;;;;
1140;Electronique moléculaire;1;0.683822572231293;;;;;;;;;
773;Eléctronique organique;1;0.467628449201584;;;;;;;;;
2236;Electrotechnique;2;7.48001956939697;;;;;;;;;
857;élevage;17;17.0736045241356;;;;;;;;;
721;Elites scientifiques polonaises;1;0.717675685882568;;;;;;;;;oui
581;Embryon bioéthique;1;0.37595921754837;;;;;;;;;oui
509;En bref;140;257.652520000935;;;;;;;;;
578;En direct des labos;81;78.9741315543652;;;;;;;;;
4498;Energétique;57;64.7807178795338;;;;;;;;;
329;Energie;740;613.950695052743;;;;;;;;;
1479;Energie durable;2;1.30580669641495;;;;;;;;;
1204;Energie Environnement;2;2.9771546125412;;;;507;;;;;
1648;Energie éolienne;1;0.571899235248566;;;;;;;;;
507;Energie et environnement;38;29.6000009179115;;;;;;;;;
1008;Energie Formation;1;0.586235642433167;;;;;;;;;
1275;Energie propre;1;0.552218019962311;;;;;;;;;
516;Energie, Environnement;5;4.73829752206802;;;;507;;;;;
3264;Energie, ingénierie pétrolière et gazière;2;1.25825494527817;;;;;;;;;
608;Energies;7;6.75541341304779;;;;329;;;;;
4268;Energies - Ressources;1;0.979321658611298;;;;;;;;;
936;Energies & environnement;1;2.12060499191284;;;;507;;;;;
3207;Energies propres;1;0.712351858615875;;;;;;;;;
951;Energies renouvelables;10;8.14728218317032;;;;;;;;;
2092;Energies renouvelables et nucléaire;1;1.64595699310303;;;;951;;;;;
1909;Enjeux Globaux;1;1.22839641571045;;;;;;;;;
1529;Enseignement;11;13.3695678710938;;;;;;;;;
423;Enseignement supérieur;62;72.803543806076;;;;;;;;;
1296;Enseignement supérieur et politiques de recherche;1;0.462193936109543;;;;423;;;;;
470;Enseignement universitaire: les cours en ligne ouverts & massifs;1;0.53497451543808;;;;423;;;;SIC;
954;Entreprise;7;9.58954530954361;;;;;;;;;
3930;Entretien;4;2.6754270195961;;;;;;;;;
378;Entrevue;2;2.28135848045349;;;;;;;;;
322;Environnement;1177;988.052450627089;;;;;;;;;
2271;Environnement - Sciences du globe;227;193.959993198514;;;;;; - ;;;
1993;Eolien;1;0.552698493003845;;;;;;;;;
478;Epidemiologie;9;7.10097768902779;;;;;;;;;
3112;Epigénétique;1;2.53163862228394;;;;;;;;;
3248;Equipement médical;1;0.81843364238739;;;;;;;;;
2204;Equipement scientifique;2;1.27362197637558;;;;;;;;;
3344;Equipements biomédicaux;1;0.76178115606308;;;;;;;;;
2428;Erratum;4;4.5645107626915;;;;;;;;;
350;Espace;593;540.595166653395;;;;;;;;;
2197;Espace Biologie Energie;1;2.17664361000061;;;;;;;;;
1322;Espace Européen de la recherche;2;1.48665015399456;;;;;;;;;
2380;Espace Médecine;1;1.19441318511963;;;;;;;;;
762;ESS - Centre européen de spallation;5;6.05416369438171;;;;;;;;;
621;Ethique;5;4.44349321722984;;;;;;;;;
401;Ethologie;3;3.6668649315834;;;;;;;;;
1827;Etude;2;1.89815306663513;;;;;;;;;
599;Etude du climat;1;0.727288007736206;;;;;;;;;
3019;Etudes en France ;1;1.0858302116394;;;;;;;;;
1611;Etudes supérieures;1;1.14601814746857;;;;;;;;;
2134;Europe;1;0.472533643245697;;;;;;;;;
770;Evaluation de la recherche scientifique;2;2.59870088100433;;;;;;;;;
474;Evaluation des formations d'enseignement supérieur;1;0.749331295490265;;;;;;;;;
344;Evènement;204;283.638788849115;;;;;;;;;
4712;Evénements;23;38.4476656913757;;;;344;;;;;
3763;Evénements et conférences à venir en Norvège;1;1.52589380741119;;;;344;;;;;
1256;Evénements scientifiques;47;55.7286749184132;;;;344;;;;;
1807;Evolution;4;2.88064455986023;;;;;;;;;
1712;Evolution animale ;1;1.03127658367157;;;;;;;;;
1261;Expédition scientifique;1;0.678796470165253;;;;;;;;;
2151;Expérimentations;1;0.959985017776489;;;;;;;;;
2059;Exploration marine;1;0.52981960773468;;;;;;;;;
1235;Exploration polaire;1;0.582545280456543;;;;;;;;;
4719;Expos;1;1.88686466217041;;;;;;;;;
1770;Exposition;4;4.6454701423645;;;;;;;;;
4720;Expositions;3;5.2884624004364;;;;1770;;;;;
3142;Ferroviaire;1;0.288255333900452;;;;;;;;;
3929;Fiche web;2;3.2738790512085;;;;;;;;;
3926;Fiches scientifiques;2;1.68403491377831;;;;;;;;;
841;Financement de la Recherche;13;11.4896931350231;;;;;;;;;
346;Focus;122;92.0311147719622;;;;;;;;;
4736;fonds européens;12;15.1407248973846;;;;;;;;;
1146;Forêts et Environnement;1;0.933550596237183;;;;;;;;;
2107;Formation;8;8.2888121008873;;;;3650;;;;;
4464;Formation géologique;1;0.371643304824829;;;;;;;;;
3650;Formations;28;39.9052620232105;;;;;;;;;
4721;Forum;4;9.27841627597809;;;;;;;;;
2091;Franco-allemand;3;5.54912662506104;;;;;;;;;
2216;Fusion;1;1.42733693122864;;;;;;;;;
4225;Fusion thermonucléaire;1;0.355094760656357;;;;;;;;;
2258;Gastronomie Moléculaire;1;1.06116592884064;;;;;;;;;
783;Gaz de schiste;1;0.378457814455032;;;;;;;;;
3086;Général;3;3.9823979139328;;;;;;;;;
3775;Généralités;6;10.7531974315643;;;;;;;;;
3045;Génération de l'énergie;1;0.82630854845047;;;;;;;;;
326;Génétique;49;35.0873802304268;;;;;;;;;
2504;Génétique animale et végétale;1;1.5519026517868;;;;;;;;;
1270;Génétique du cancer;1;0.742034256458282;;;;;;;;;
4680;génie agro-alimentaire;3;2.14117860794067;;;;;;;;;
376;Génie biomédical;1;0.469686269760132;;;;;;;;;
549;Génie cellulaire;1;0.585998475551605;;;;;;;;;
1423;Génie chimique;2;2.86780920624733;;;;;;;;;
534;Génie civil;34;39.9341802299023;;;;;;;;;
4282;Génie climatique;1;0.55452424287796;;;;;;;;;
2886;Génie des matériaux;1;0.573809564113617;;;;;;;;;
2159;génie des procédés;4;2.74305152893066;;;;;;;;;
4491;Génie forestier;1;0.731141209602356;;;;;;;;;
2155;Génie industriel;1;0.581767380237579;;;;;;;;;
3213;Génie logiciel ;1;2.09254574775696;;;;;;;;TIC;
1425;Génie parasismique;1;0.214828789234161;;;;;;;;;
4429;Génome de la bactérie du choléra;1;1.11566305160522;;;;432;;;;;
432;Génomique;12;8.27377676963806;;;;;;;;;
3122;Génomique végétale;1;1.39938545227051;;;;432;;;;;
4515;Géochimie;1;0.414189398288727;;;;;;;;;
1150;Géographie;5;4.90577930212021;;;;;;;;;
560;Géologie;32;29.2035193741322;;;;;;;;;
1111;Géomatique;2;1.87691009044647;;;;;;;;;
4514;Géomorphologie;2;1.42191702127457;;;;;;;;;
894;Géophysique;10;6.13162821531296;;;;;;;;;
1437;Géopolitique maritime et Océanographie et Ressources marines;1;0.455245941877365;;;;;; et ;;;
371;Géosciences;8;7.14416038990021;;;;;;;;;
4475;Gestion;1;0.424211174249649;;;;;;;;;
1149;Gestion de l'eau;2;1.63638460636139;;;;;;;;;
4577;Gestion de l'information;1;1.61491775512695;;;;;;;;SIC;
4711;Gestion des déchets électroniques;1;0.65824955701828;;;;;;;;;
2681;Gestion des ressources naturelles, Agriculture;1;0.52411937713623;;;;;;;;;
4587;Gestion documentaire;1;1.38755059242249;;;;;;;;SIC;
940;Glaciologie;1;1.3103369474411;;;;;;;;;
4619;Globe;13;11.5795978605747;;;;;;;;;
952;Gouvernement;2;1.90523827075958;;;;;;;;;
2959;Grandes Ecoles;3;1.11161532998085;;;;;;;;;
2195;Grands instruments de recherche;1;0.725789606571198;;;;;;;;;
1623;Grands projets;4;3.77109575271606;;;;;;;;;
1828;Grands Travaux;2;1.0957350730896;;;;;;;;;
1304;Green IT;1;0.827209115028381;;;;;;;;TIC;
619;Greffe;1;0.479891091585159;;;;;;;;;
455;Groenland;2;0.988433539867401;;;;;;;;;
898;Grossesse;1;0.76729279756546;;;;;;;;;
4533;Hadronthérapie;1;0.251762211322784;;;;;;;;;
1100;High-Tech;2;2.34475523233414;;;;;;;;TIC;
482;Histoire;5;3.03586798906326;;;;;;;;;
3350;Histoire des sciences;8;5.5434407889843;;;;;;;;;
1556;Hommage;1;0.600296974182129;;;;;;;;;
563;Horizon enseignement;20;18.7686136066914;;;;;;;;;
2949;Humanité - Sciences sociales;62;83.8228700757027;;;;;;;;;
4489;Hydrographie;1;0.866355061531067;;;;;;;;;
585;Hydrologie;9;6.78221565485001;;;;;;;;;
4729;Hystologie;1;0.591215252876282;;;;;;;;;
1271;ICT;1;0.602301120758057;;;;;;;;;
1228;Imagerie;2;2.07698446512222;;;;;;;;;
366;Imagerie médicale;9;8.30097903311253;;;;;;;;;
4629;Imagerie neurofonctionnelle;1;0.606351971626282;;;;;;;;;
4648;Imagerie optique;1;0.262574970722198;;;;;;;;;
2765;Imagerie radar;1;0.335196167230606;;;;;;;;;
4122;Imagerie satellitaire;4;3.49195498228073;;;;;;;;;
518;Immunologie;3;1.39113694429398;;;;;;;;;
1084;Implantation à Singapour;1;0.899352967739105;;;;;;;;;oui
1428;Importantes délégations scientifiques françaises en Pologne;2;2.25326859951019;;;;;;;;;oui
3442;Incubateurs technologiques;1;1.52461969852448;;;;;;;;TIC;
2265;Indicateur scientifique;1;0.951974868774414;;;;;;;;;
636;Industrie;39;48.0160008072853;;;;;;;;;
2785;Industrie agroalimentaire;3;2.46218276023865;;;;;;;;;
4484;Industrie alimentaire;13;13.8701615333557;;;;;;;;;
4146;Industrie et Recherche;1;1.21735954284668;;;;;;;;;
2263;Industrie et technologie;1;1.20486426353455;;;;;;;;;
4549;Industrie graphique;2;3.55660435557365;;;;;;;;TIC;
1238;Industrie Pharmaceutique;1;0.75143700838089;;;;;;;;;
987;Infectiologie;1;0.651839971542358;;;;;;;;;
4553;Infections fongiques nosocomiales;1;0.580759584903717;;;;;;;;;
3414;Informations;7;19.0519009232521;;;;;;;;;
4735;informations générales;18;27.2234139144421;;;;;;;;;
337;Informatique;522;717.123261451721;;;;;;;;;
3241;Informatique appliquée;16;17.4183056056499;;;;;;;;;
3623;Informatique avancée;3;2.41815596818924;;;;;;;;;
590;Informatique et TIC;11;17.9794955849648;;;;;; et ;;;
825;Informatique quantique;2;2.93689584732056;;;;;;;;;
2124;Informatique-Télécommunication;14;37.713793694973;;;;;;;;TIC;
4715;Infos;3;5.00161051750183;;;;;;;;;
3336;Infos - Evénements - Publications;1;2.20396399497986;;;;;; - ;;;
3275;Infos-évènements-publications;2;3.22672355175018;;;;;;-;;;
842;Infrastructures de recherche;6;4.18274638056755;;;;;;;;;
499;Ingénierie;15;11.8203713297844;;;;;;;;;
3460;Ingénierie biomédicale;1;0.78789359331131;;;;;;;;;
4576;Ingénierie documentaire;1;1.61491775512695;;;;;;;;TIC;
3890;Ingénierie pétrolière et gazière;2;1.00536772608757;;;;;;;;;
1571;Initiation technologique;1;1.95090472698212;;;;;;;;;
2069;Initiatives gouvernementales;3;2.69392251968384;;;;;;;;;
381;Innovation;286;287.145261391997;;;;;;;;;
2383;Innovation agronomie;1;1.12792503833771;;;;;;;;;
2379;Innovation Biotechnologie Médecine;2;2.73578190803528;;;;;;;;;
2198;Innovation en construction;1;1.26697027683258;;;;;;;;;
1114;Innovation et communication;1;3.76637959480286;;;;;;;;;
813;Innovation et entreprises;1;1.39536273479462;;;;;;;;;
1581;Innovation et technologie;4;3.17867523431778;;;;4740;;;;;
1130;Innovation et transfert de technologie;162;128.226878836751;;;;;;;;;
404;Innovation et valorisation de la recherche;107;57.4445054680109;;;;;;;;;
966;Innovation technologique;8;5.77215033769608;;;;;;;;;
1661;Innovation urbaine;1;2.23853874206543;;;;;;;;;
540;Innovation, avec application industrielle;1;0.828005731105804;;;;381;;;;;
4739;Innovations;3;2.33758783340454;;;;381;;;;;
4740;innovations technologiques;53;48.1786751747131;;;;;;;;;
1438;Insecticides naturels;1;0.725258886814117;;;;;;;;;
851;Insolite;1;0.55395382642746;;;;;;;;;
1658;Institut de Recherche;6;4.71261918544769;;;;;;;;;
587;Institutions;11;12.8250925540924;;;;;;;;;
2639;Instrumentation;12;7.03642946481705;;;;;;;;;
2175;Intelligence Artificielle;4;3.11517190933228;;;;;;;;;
2941;Intelligence économique;3;5.18009400367737;;;;;;;;;
1223;Interdisciplinaire;1;1.63535869121552;;;;;;;;;
4726;Intern;1;0.308019578456879;;;;1269;;;;;
765;International;2;2.88692134618759;;;;;;;;;
1269;Internet;29;35.2835682332516;;;;;;;;TIC;
1568;Internet et éducation;1;0.308019578456879;;;;;;;;;oui
3978;Interview;1;0.232528313994408;;;;;;;;;
2254;Introduction;1;1.03276479244232;;;;;;;;;
439;Invention;1;0.524512350559235;;;;;;;;;
1059;Investissement;7;5.92206835746765;;;;;;;;;
1872;IT;1;0.551389813423157;;;;;;;;;
3519;IT-NTIC;1;0.870698928833008;;;;;;;;TIC;
2133;L'actualité en bref;2;1.74069410562515;;;;;;;;;oui
4187;L'aéronautique;1;0.214465662837029;;;;335;;;;;
4191;L'agronomie;1;0.566535174846649;;;;386;;;;;
4194;L'astrophysique;1;0.412652373313904;;;;558;;;;;
1609;L'Autriche et l'Espace européen de la recherche;9;8.51201191544533;;;;1322;;;;;
2777;L'Espace Européen de la Recherche;1;0.142059206962585;;;;1322;;;;;
835;L'informatique au service des sciences de la vie;2;1.19648665189743;;;;;;;;;oui
580;L'interview du BE;2;0.567920982837677;;;;3978;;;;;
836;La place des TIC dans l'économie de Singapour;1;3.94137597084045;;;;;;;;TIC;oui
1036;La Pologne au coeur de l'actualité;1;0.425384074449539;;;;;;;;;oui
1093;La Pologne au coeur de l'actualité scientifique;8;5.8790462911129;;;;;;;;;oui
1294;La Pologne et le nucléaire;1;0.833223938941956;;;;;;;;;oui
1431;La Pologne et le spatial;2;0.934346377849579;;;;;;;;;oui
653;La R&D polonaise;3;1.94142705202103;;;;;;;;;oui
2006;La recherche en Pologne;4;3.85171538591385;;;;;;;;;oui
1553;La Suède en bref;12;9.3411106467247;;;;;;;;;oui
4189;La téléchirurgie;1;0.513576924800873;;;;;;;;TIC;oui
1826;Lancement;5;7.68097740411758;;;;;;;;;
1037;Laser;2;1.30309504270554;;;;;;;;;
4309;Lasers;1;0.289135217666626;;;;1037;;;;;
1551;Le dossier du mois : Initiatives environnementales danoises;1;0.582533240318298;;;;;;;;;oui
1498;Le dossier du mois : la recherche au Groenland;1;0.470576256513596;;;;;;;;;oui
743;Le point sur;4;3.80729418992996;;;;;;;;;oui
2052;Le Programme de mobilité Hubert Curien Amadeus;4;3.29851573705673;;;;;;;;;oui
1764;Le programme de recherche Franco-Slovaque PHC Stefanik;1;1.33432281017303;;;;;;;;;oui
1398;Lecture;1;0.654302895069122;;;;;;;;;
2139;Législation;22;40.7963571250439;;;;;;;;;
1450;Les matériaux de demain;1;0.962013244628906;;;;;;;;;oui
1862;Les recherches du programme Stefanik;2;1.07253476977348;;;;;;;;;oui
1254;Les scientifiques polonais à l'honneur;1;1.136274933815;;;;;;;;;oui
4424;Lettonie, bilan scientifique 2013;1;1.35548985004425;;;;;;;;;oui
4645;LHC;2;0.905400454998016;;;;;;;;;
1180;Linguistique;3;3.29510354995728;;;;;;;;;
1245;Logistique;8;9.94274467229843;;;;;;;;;
1582;Lumière sur ...;1;0.916945457458496;;;;;;;;;oui
4478;Macrotechnologies;1;2.64820241928101;;;;;;;;;
3381;Magnétisme et mémoires;2;2.26689571142197;;;;;;;;;
4630;Maintenance;1;1.05945813655853;;;;;;;;;
4602;Maîtrise d'ambiance;1;1.09281957149506;;;;;;;;;
899;Maladie d'Alzheimer;1;1.26305949687958;;;;;;;;;
427;Maladies cardiaques;1;0.427579879760742;;;;;;;;;
2307;Manifestation;4;5.83645951747894;;;;;;;;;
1451;Marché scientifique;1;0.293852597475052;;;;;;;;;
797;Marine;1;0.583271682262421;;;;;;;;;
2405;Maritime;1;1.09563970565796;;;;;;;;;
343;matériaux;325;283.281652629375;;;;;;;;;
1203;Matériaux Environnement Energie;1;1.13791739940643;;;;;;;;;
4727;Mathématique;9;9.36479020118713;;;;4728;;;;;
4728;Mathématiques;30;36.0806593596935;;;;;;;;;
2224;Mathématiques Appliquées;5;5.40940707921982;;;;;;;;;
380;Matières premières;2;1.82316654920578;;;;;;;;;
361;Mécanique;88;97.2214078605175;;;;;;;;;
4696;mécanisme;1;0.800506949424744;;;;361;;;;;
334;médecine;1140;1005.16932709515;;;;;;;;;
845;Médecine nucléaire ;1;0.534550130367279;;;;;;;;;
355;Médecine régénérative;3;2.05246736109257;;;;;;;;;
3103;Médecine Santé;1;0.847274899482727;;;;;;;;;
1532;Médecine Traditionnelle;1;0.908774852752686;;;;;;;;;
871;Médecine tropicale;1;0.376665502786636;;;;;;;;;
1875;Médecine Vétérinaire;1;1.53683829307556;;;;;;;;;
1033;MEMS;1;0.622888624668121;;;;;;;;;
1940;Mer;1;0.75788551568985;;;;;;;;;
2493;Merlion 2006;1;0.797948598861694;;;;;;;;;oui
1038;Métallurgie;2;1.97212797403336;;;;;;;;;
977;Météorologie;8;4.3470558822155;;;;;;;;;
4141;Météorologie spatiale;1;0.555670499801636;;;;;;;;;
525;Méthodes de recherche;1;0.87294739484787;;;;;;;;;
2016;Métrologie;3;2.33064275979996;;;;;;;;;
4448;Micro;3;2.25594693422318;;;;;;;;;
588;Micro-nanotechnologie;3;3.88937890529633;;;;;;;;;
4738;Micro-Systèmes;5;11.2687958478928;;;;;;;;;
536;Microélectronique;15;11.9029716551304;;;;;;;;;
4303;Microgravité;1;0.445490002632141;;;;;;;;;
1859;Microsystèmes;3;4.99401026964188;;;;;;;;;
1066;Microtechnologie;5;4.52621129155159;;;;;;;;;
1321;Minéralogie;2;1.1772792339325;;;;;;;;;
1596;Mines;6;5.89133268594742;;;;;;;;;
4395;Miscellanées;1;0.502665340900421;;;;;;;;;
933;Mobilité;3;2.04605102539062;;;;;;;;;
1917;Mobilité des chercheurs;1;0.346196383237839;;;;;;;;;
4709;Mobilité étudiante;1;0.394491076469421;;;;;;;;;
1325;Mobilité européenne;1;1.40132701396942;;;;;;;;;
2282;Modélisation;1;0.404238104820251;;;;;;;;;
3006;Monétique;2;0.673982083797455;;;;;;;;;
2058;Multimédia;1;1.06184148788452;;;;;;;;TIC;
4731;Musées;1;0.292508512735367;;;;;;;;;
4744;Nano;1;2.64820241928101;;;;;;;;;
3331;Nanobiotechnologies;3;4.18127548694611;;;;;;;;;
960;nanoélectronique;7;6.89470067620277;;;;;;;;;
675;Nanomatériaux;4;3.42586773633957;;;;;;;;;
372;nanotechnologies;174;165.859715074301;;;;;;;;;
3378;Nanotubes de carbone;1;0.624051630496979;;;;;;;;;
3044;Nanotubes et Nanofils ;1;0.670577168464661;;;;;;;;;
1357;Nature;1;1.31390476226807;;;;;;;;;
1142;Navigation;1;0.775908887386322;;;;;;;;;
4522;Navigation par satellites;4;1.63267983496189;;;;;;;;;
852;Neurobiologie;4;3.31103354692459;;;;;;;;;
433;Neurologie;15;13.7756851613522;;;;;;;;;
791;Neuromarketing;1;0.648440361022949;;;;;;;;SIC;
997;Neuropsychologie;1;1.24433672428131;;;;;;;;;
377;Neurosciences;24;25.7228122055531;;;;;;;;;
1053;Nomination;14;18.9351566135883;;;;;;;;;
1424;Normalisation;2;2.91994792222977;;;;;;;;SIC;
2901;Notes et Rapports;1;0.775567173957825;;;;;;;;;
906;Nouveau rapport;22;22.2019644379616;;;;;;;;;
631;Nouveautés;2;2.16316682100296;;;;;;;;;
1465;Nouveautés technologiques;2;2.70917117595673;;;;;;;;;
1954;Nouveaux Accords;1;0.55242246389389;;;;;;;;;
4732;nouveaux procédés;5;2.97767445445061;;;;;;;;;
1054;Nouvelle infrastructure;2;1.15243968367577;;;;1311;;;;;
2087;Nouvelle structure;3;2.59907966852188;;;;;;;;;
1024;Nouvelle technologie;1;1.31917810440063;;;;;;;;;
3914;Nouvelles du CenDoTec;3;2.92827045917511;;;;;;;;;
1311;Nouvelles infrastructures;1;0.625356495380402;;;;;;;;;
1433;Nouvelles infrastructures de recherche en Pologne;2;1.20000305771828;;;;1311;;;;;
1453;Nouvelles structures;2;1.60947841405869;;;;;;;;;
513;Nouvelles technologies;66;96.4910136461258;;;;;;;;TIC;
3604;Nouvelles technologies de l'information;1;1.43332290649414;;;;;;;;TIC;
1525;Nouvelles technologies de l'information et de la communication;2;4.41553163528442;;;;;;;;TIC;
1792;Nouvelles technologies de l'information et de la télécommunication;1;0.833172202110291;;;;;;;;TIC;
1851;Nouvelles technologies informatique et télécommunication;1;2.44899845123291;;;;;;;;TIC;
485;NTIC;239;346.096843332052;;;;;;;;TIC;
838;Nucléaire;30;27.2751317620277;;;;;;;;;
2076;Nutrition;5;4.73065748810768;;;;;;;;;
397;"Objectif \""Horizon 2020\"";""4";2.94006642699242;;;;;;;;;;oui
4511;Observation de la Terre;8;4.0706193447113;;;;;;;;;
531;Océanographie;48;37.958221912384;;;;;;;;;
1007;Océanologie;3;1.51311638951302;;;;;;;;;
897;Oenologie;3;2.45868244767189;;;;;;;;;
4656;Off-Shore;1;0.259997308254242;;;;;;;;;
1867;OGM;1;0.424331277608871;;;;;;;;;
958;oncologie;1;0.275015085935593;;;;;;;;;
3983;Opportunités;3;5.6446967124939;;;;;;;;;
521;Optique;51;51.2889893054962;;;;;;;;;
1141;Optique Quantique;1;0.60136479139328;;;;;;;;;
4710;Opto-électronique;11;15.8381990790367;;;;875;;;;;
875;optoélectronique;93;122.225290566683;;;;;;;;;
2841;Optronique;1;0.925452411174774;;;;;;;;;
1040;Ordinateur Quantique;1;0.876151204109192;;;;;;;;TIC;
4575;Organisation;1;0.689276099205017;;;;;;;;;
3645;Organisations de la Politique scientifique et technologique;4;5.05152171850204;;;;356;;;;;
781;Organisations internationales;1;0.695091068744659;;;;;;;;;
976;Organisme de recherche;1;1.31106114387512;;;;;;;;;
2368;Orthopédie;1;0.557801842689514;;;;;;;;;
4009;Ostéologie;1;0.859801054000854;;;;;;;;;
452;Ouverture de centre;1;0.517104744911194;;;;;;;;;
4247;Paléoclimatologie;2;0.791700661182404;;;;;;;;;
624;Paléontologie;22;18.1087517440319;;;;;;;;;
1891;Parcs technologiques;1;1.27205276489258;;;;;;;;;
1812;Partenariat;5;5.75363153219223;;;;;;;;;
1878;partenariat public privé;1;1.61530542373657;;;;1812;;;;;
4459;Partenariat santé public;1;0.53008359670639;;;;1812;;;;;
806;Partenariat scientifique;1;1.11747872829437;;;;;;;;;
4689;partenariats;9;14.4256699085236;;;;1812;;;;;
1355;Partenariats internationaux;11;6.76587530970573;;;;;;;;;
3649;Parution de rapports techniques de l'Ambassade;1;0.73115473985672;;;;;;;;;oui
1244;Paysage de la recherche;1;0.611748516559601;;;;;;;;;
1520;PCRDT;1;1.44531083106995;;;;;;;;;
998;Pédiatrie;1;0.649713397026062;;;;;;;;;
2686;Perception des sciences;1;1.21190297603607;;;;;;;;;
3257;Pétrochimie;1;1.0076984167099;;;;;;;;;
1337;Pétrole;1;0.541335642337799;;;;;;;;;
1923;Pétrole et gaz;1;0.320717304944992;;;;;;;;;
1305;Pharmaceutique;4;3.15929210186005;;;;;;;;;
438;Pharmacie;120;115.48677405715;;;;;;;;;
1542;Pharmacologie;60;63.6868188977242;;;;;;;;;
2312;Pharmacologie Médecine;1;0.649504542350769;;;;1542;;;;;
2146;Philosophie;1;0.798385560512543;;;;;;;;;
892;photonique;7;10.6278398633003;;;;;;;;;
822;Photovoltaïque;3;3.54925248026848;;;;;;;;;
759;Physiologie;2;1.44681543111801;;;;;;;;;
362;Physique;383;374.15752081573;;;;;;;;;
801;Physique Chimie;2;2.90762001276016;;;;;;;;;
925;Physique des particules;6;2.54356610774994;;;;;;;;;
4638;Physique des solides;1;0.645450472831726;;;;;;;;;
1942;Physique fondamentale;4;4.35068696737289;;;;;;;;;
942;Physique nucléaire;4;2.76344656944275;;;;;;;;;
720;Physique quantique;4;3.63648843765259;;;;;;;;;
4506;Physique théorique;1;0.552843570709229;;;;;;;;;
4520;Picoélectronique;1;0.70873361825943;;;;;;;;;
1315;Planétologie;1;0.490600675344467;;;;;;;;;
749;Planification urbaine;1;1.13479745388031;;;;;;;;;
3481;Planning 2003 - 2004 des conférences scientifiques prévues en australie;1;0.646096169948578;;;;;;;;;oui
1220;Polaire;1;2.38840293884277;;;;;;;;;
4733;Politique;3;5.64893990755081;;;;;;;;;
3806;Politique de la ville;1;1.50530683994293;;;;;;;;;
1065;Politique environnementale;1;0.441800832748413;;;;;;;;;
970;Politique et Stratégie;3;2.48276144266129;;;;;;;;;
2645;Politique générale;20;24.2481030225754;;;;;;;;;
2114;Politique informatique;1;0.439887136220932;;;;;;;;SIC;
1303;Politique régionale;1;1.66222107410431;;;;;;;;;
356;politique scientifique;1347;1507.58304715157;;;;;;;;;
4730;Politique technologique;2;2.59436130523682;;;;;;;;TIC;
1530;Pollution;2;1.38001519441605;;;;;;;;;
1429;Pologne et nucléaire;1;0.612388014793396;;;;;;;;;oui
4421;Portrait;3;1.02635580301285;;;;;;;;;
1780;Première mondiale;1;0.900951206684113;;;;;;;;;oui
1888;Premières scientifiques et technologiques en Roumanie;1;1.85434007644653;;;;;;;;;oui
4472;Présentation d'institut;1;0.865313947200775;;;;;;;;;oui
1801;Présentation d'Instituts de recherche;1;0.66916161775589;;;;;;;;;oui
1346;Présidence de l'Israël au programme européens de recherhce EUREKA;1;1.17566251754761;;;;;;;;;oui
1094;Présidence polonaise de l'UE;2;1.29455602169037;;;;;;;;;oui
2449;Prévention;1;1.23522305488586;;;;;;;;;
4460;privé;1;0.53008359670639;;;;;;;;;
1032;Prix;83;103.672787725925;;;;;;;;;
4741;procédés technologiques;1;1.2984619140625;;;;;;;;;
3905;Prochains salons et mnifestations en Israël;1;1.04935896396637;;;;;;;;;oui
413;Production;2;3.13546085357666;;;;;;;;;
3798;Production offshore;2;1.68961811065674;;;;;;;;;
1715;Production scientifique;3;3.37874293327332;;;;;;;;;
480;Productique;1;0.759665727615356;;;;;;;;;
1811;Projet;1;0.682566285133362;;;;;;;;;
869;Projets européens;6;4.162417948246;;;;;;;;;
922;Propriété Intellectuelle;3;2.80850112438202;;;;;;;;;
4342;Propulsion;2;1.0628610253334;;;;;;;;;
1209;Prospective;3;1.6380552649498;;;;;;;;;
4434;Protection des ressources marines;1;0.563142597675323;;;;;;;;;
1642;PSUE;1;0.341484606266022;;;;;;;;;
893;Psychiatrie;1;2.23121428489685;;;;;;;;;
700;Psychologie;11;8.71172967553139;;;;;;;;;
995;Psychologie infantile;1;0.775159657001495;;;;;;;;;
4716;Publications;3;5.00161051750183;;;;;;;;;
1088;R&D;10;8.02207773923874;;;;;;;;;
4463;Radioactivité;2;0.673047691583633;;;;;;;;;
421;Rapports d'Ambassade;2;2.61054420471191;;;;;;;;;
4367;Réacteur;1;0.23539637029171;;;;;;;;;
1491;Réalisations;3;3.5781757235527;;;;;;;;;
1638;Réalité virtuelle;1;2.55496191978455;;;;;;;;;
442;Recherche;127;122.265359133482;;;;;;;;;
595;Recherche Agronomique;48;24.2462810277939;;;;;;Recherche;;;
805;Recherche biomédicale;16;11.8594142496586;;;;;;Recherche;;;
1075;Recherche Cancérologique;1;0.912775814533234;;;;;;Recherche;;;
571;Recherche clinique;1;0.591795742511749;;;;;;Recherche;;;
2354;Recherche Coopération internationale;1;1.40342712402344;;;;;;Recherche;;;
843;Recherche de partenaires français;1;0.912631571292877;;;;Recherche;;;;;
4404;Recherche en aérospatiale;1;0.664337515830994;;;;;;Recherche en;;;
1881;Recherche en milieu polaire;1;1.24986267089844;;;;;;Recherche en;;;
874;Recherche en santé;2;1.551773250103;;;;;;Recherche en;;;
1471;Recherche en Toxicologie;1;0.603517174720764;;;;;;Recherche en;;;
1047;recherche et développement;49;56.0786790251732;;;;1088;;;;;
1521;Recherche et éducation;3;3.60820445418358;;;;;;Recherche et;;;
1326;Recherche et enseignement supérieur;1;1.0204062461853;;;;;;Recherche et;;;
511;Recherche et Innovation;3;2.46376204490662;;;;;;Recherche et;;;
1806;Recherche et politique scientifiques;2;3.85327470302582;;;;;;Recherche et;;;
3927;Recherche et Technologie;3;4.84691482782364;;;;3977;;;;;
3977;Recherche et technologies;2;1.80902546644211;;;;;;;;;
3795;Recherche fondamentale;4;2.22497987747192;;;;;;;;;
938;Recherche Industrielle;1;0.815148115158081;;;;;;Recherche;;;
820;Recherche marine;10;8.73516973853111;;;;;;Recherche;;;
1310;Recherche marine et polaire;1;0.850257694721222;;;;;;Recherche;;;
756;Recherche Médicale;31;23.123831063509;;;;;;Recherche;;;
1192;Recherche nucléaire;1;0.986498832702637;;;;;;Recherche;;;
764;Recherche océanique;1;0.60816216468811;;;;;;Recherche;;;
3892;Recherche océanologique;3;1.06898465752602;;;;;;Recherche;;;
660;Recherche polaire;6;5.8965331017971;;;;;;Recherche;;;
1003;Recherche publique;1;1.13325154781342;;;;;;;;;
937;Recherche Publique en Science de la Vie;2;1.4663707613945;;;;1003;;;;;
4080;Recherche scientifique;1;0.984451949596405;;;;;;;;;
866;Recherche spatiale;16;18.280573964119;;;;;;;;;
1671;Recherche sur le cerveau;1;1.31623291969299;;;;;;;;;
2415;Recherches sur le Cancer;1;1.13711440563202;;;;;;;;;
318;Récompense;34;34.0792263448238;;;;;;;;;
4438;Reconstruction climatique;1;0.732729196548462;;;;;;;;;
889;Reconstruction du Japon;1;0.211333528161049;;;;;;;;;oui
4588;Régions;3;1.63594603538513;;;;;;;;;
2812;Régulation;40;43.8858554065228;;;;;;;;;
3606;Relations internationales;45;57.3839643001556;;;;;;;;;
1740;Relève scientifique;3;2.95955693721771;;;;;;;;;
1706;remédiation des sols;1;0.615206122398376;;;;;;;;;
2019;Rencontre;18;9.3028828650713;;;;;;;;;
4573;Renseignement;2;1.62702912092209;;;;;;;;;
1187;Réseau;3;5.24901336431503;;;;;;;;;
2132;Réseaux de compétences;1;1.82430028915405;;;;;;;;;
2122;Réseaux et télécommunications;15;16.9668598771095;;;;;;;;TIC;
1216;Réseaux et Télécoms;6;6.9024059176445;;;;;;;;TIC;
707;réseaux sociaux;2;3.28262341022491;;;;;;;;SIC;
488;Ressources;11;12.4841054081917;;;;;;;;;
4579;Restauration;2;0.492355704307556;;;;;;;;;
3011;Restructuration;1;2.41305994987488;;;;;;;;;
1004;Résultats de recherches;2;1.74864208698273;;;;;;;;;
4589;Risque climatique;1;1.06866097450256;;;;;;;;;
4487;Risques;1;0.806836605072021;;;;;;;;;
4244;RMN;4;2.34781342744827;;;;;;;;;
446;Robotique;65;73.894724458456;;;;;;;;TIC;
4724;robotique et micro-électronique;39;44.3117231428623;;;;;;;;TIC;
2283;Robotique Médecine;1;1.60164225101471;;;;;;;;TIC;
775;S'inspirer de la nature;1;1.16291511058807;;;;;;;;;oui
2431;Salon;19;24.7747636437416;;;;;;;;;
364;santé;587;538.55585065484;;;;;;;;;
734;Santé environnementale;2;1.90810567140579;;;;;;;;;
1746;Santé humaine;1;0.776956677436829;;;;;;;;;
503;Santé publique;9;6.93021428585052;;;;;;;;;
1667;Santé-Médecine;53;57.6470851302147;;;;;;;;;
1069;Science;32;38.7328637242317;;;;;;;;;
3315;Science de l'information;44;71.2441403269768;;;;;;;;SIC;
1840;Science de l'ingénieur ;3;1.80262157320976;;;;981;;;;;
956;Science de la terre;3;2.40065973997116;;;;431;;;;;
740;Science de la vie;7;5.53638026118279;;;;522;;;;;
4449;Science des aliments;48;24.2462810277939;;;;;;;;;
1246;science des matériaux;2;1.27883297204971;;;;1921;;;;;
1717;Science du vivant;2;0.765945628285408;;;;;;;;;
1190;Science et société;4;4.91287332773209;;;;;;;;;
911;Science et Technologie;2;2.20033866167068;;;;;;;;;
1823;Science et technologie de l'information;4;6.08236572146416;;;;;;;;TIC;
2551;Science et technologies de l'information et de la communication;760;1900.98122090101;;;;;;;;SIC;
3752;Science et vulgarisation;2;4.2207533121109;;;;;;;;;
3354;Science humaine;1;2.04985475540161;;;;;;;;;
3566;Science physiques et de l'ingénieur;2;1.40346413850784;;;;;;;;;
2382;Science planétaire;1;1.20321488380432;;;;;;;;;
3893;Science Sociale;1;1.91730380058289;;;;;;;;;
399;Sciences;49;43.1407952904701;;;;;;;;;
598;Sciences agronomiques;1;2.19171237945557;;;;;;;;;
3333;sciences alimentaires;93;86.4413647651672;;;;;;;;;
1866;Sciences atmosphériques;2;1.23003506660461;;;;;;;;;
798;Sciences au service du patrimoine culturel;2;0.882204502820969;;;;;;;;;oui
2656;Sciences biomédicales;6;5.76582765579224;;;;;;;;;
687;Sciences cognitives;12;14.2401434779167;;;;;;;;;
2800;Sciences de l'Eau;1;0.735084772109985;;;;;;;;;
1288;Sciences de l'environnement;11;8.26425167918205;;;;;;;;;
500;Sciences de l'Espace;4;2.17832937836647;;;;;;;;;
1910;Sciences de l'homme et de la société;135;134.731549859047;;;;;;;;;
2600;Sciences de l'information;30;72.5213937759399;;;;;;;;SIC;
1879;Sciences de l'information et de la communication;8;22.9718463420868;;;;;;;;SIC;
3392;Sciences de l'information et société;1;1.3684493303299;;;;;;;;SIC;
981;Sciences de l'ingénieur;461;378.196878060699;;;;;;;;;
1602;Sciences de l'univers;4;3.40081769227982;;;;;;;;;
1523;Sciences de la conception;1;1.23300468921661;;;;;;;;;
2193;Sciences de la matière;5;2.93194535374641;;;;;;;;;
1044;Sciences de la mer;5;3.9904505610466;;;;;;;;;
2447;Sciences de la Nature;12;8.25791567564011;;;;;;;;;
431;sciences de la terre;165;155.917473450303;;;;;;;;;
3332;Sciences de la terre et de l'univers;14;9.59526163339615;;;;431;;;;;
522;Sciences de la vie;1285;909.823359727859;;;;;;;;;
1921;Sciences des matériaux;13;11.2149019837379;;;;;;;;;
1849;Sciences du globe;236;193.817137897015;;;;;;;;;
2346;Sciences du goût;1;0.812614917755127;;;;;;;;;
3637;Sciences du langage;1;0.705292344093323;;;;;;;;;
2714;Sciences du Sport;1;0.73145455121994;;;;;;;;;
1021;Sciences du vivant;201;186.322283476591;;;;;;;;;
973;Sciences Economiques;49;37.9302017092705;;;;;;;;;
1604;Sciences environnementales;1;0.717018485069275;;;;;;;;;
530;Sciences et éducation;7;9.6946936249733;;;;;;;;;
3209;Sciences et génie des matériaux;7;5.63418573141098;;;;;;;;;
1838;Sciences et Innovation;1;2.57443022727966;;;;;;;;;
856;Sciences et patrimoine;1;1.62247753143311;;;;;;;;;
1467;Sciences et Projet Artistique;1;0.841148614883423;;;;;;;;;
3064;Sciences et Recherche;65;47.3541922271252;;;;;;;;;
3862;Sciences et Techniques;8;11.5231172442436;;;;;;;;;
3165;Sciences et Technologie Marines;46;42.4963307976723;;;;;;;;;
1493;Sciences et technologies de l'information;15;26.4315417408943;;;;;;;;TIC;
1906;Sciences et Technologies de l'Information et des Télécommunications;11;23.1107141971588;;;;;;;;TIC;
4742;Sciences et technologies marines;17;16.8901405930519;;;;;;;;;
3861;Sciences fondamentales;1;1.45940339565277;;;;;;;;;
554;Sciences humaines;129;133.042395800352;;;;;;;;;
551;Sciences humaines et sociales;181;188.658542454243;;;;;;;;;
3741;Sciences humaines, sociales et économiques;9;9.82432624697685;;;;;;;;;
1546;Sciences Informatiques;1;0.55840140581131;;;;;;;;;
592;Sciences marines;50;41.0240958631039;;;;;;;;;
2034;Sciences marines - Océanographie;21;15.6948554217815;;;;;; - ;;;
1579;Sciences marines et atmosphériques;12;7.04424145817757;;;;592;;;;;
1492;Sciences médicales;563;494.344584584236;;;;;;;;;
1547;Sciences naturelles;10;9.03358203172684;;;;;;;;;
4708;sciences pharmaceutiques;2;1.49710285663605;;;;;;;;;
1128;Sciences pharmaceutiques et biologiques;1;0.702071249485016;;;;4708;;;;;
1538;Sciences physiques;193;140.614836826921;;;;;;;;;
4156;Sciences Physiques de l'Ingénieur;24;22.0356673002243;;;;3023;;;;;
3023;Sciences Physiques et de l'ingénieur;360;267.570533677936;;;;;;;;;
444;Sciences physiques et nanotechnologies;440;292.568885520101;;;;;;;;;
379;Sciences polaires;11;8.22342997789383;;;;;;;;;
3932;Sciences politiques, économiques et sociales;1;1.06280064582825;;;;;;;;;
2838;Sciences pour l'Ingénieur;7;4.49967753887177;;;;;;;;;
2075;Sciences pour tous;1;0.757896184921265;;;;;;;;;
468;Sciences sociales;16;16.7102744877338;;;;;;;;;
2398;Sciences sociales et humaines;42;42.1833795905113;;;;;;;;;
1014;Sciences sous-marines;2;1.66265749931335;;;;;;;;;
2242;Sciences végétales;1;0.783998370170593;;;;;;;;;
2187;Sciences vétérinaires;4;3.57781338691711;;;;;;;;;
658;Sécurité;25;34.6686126887798;;;;;;;;;
685;sécurité alimentaire;1;0.764959096908569;;;;;;;;;
1333;Sécurité civile;3;2.00599938631058;;;;;;;;;
2396;Sécurité construction;1;1.31309854984283;;;;;;;;;
1983;Sécurité et environement;2;1.17177206277847;;;;;;;;;
1679;Sécurité informatique;6;7.54299718141556;;;;;;;;TIC;
3568;Sécurité-santé au travail;1;0.924332797527313;;;;;;;;;
3016;Séismologie;2;1.84093004465103;;;;;;;;;
2768;Semaine de l'enseignement supérieur français au Brésil;1;2.22176146507263;;;;;;;;;oui
556;séminaire;16;17.7933706492186;;;;;;;;;
1475;Série de Conférences à l'Institut français de Bucarest en 2010;1;0.851517379283905;;;;;;;;;oui
4535;SIG;1;0.771589040756226;;;;;;;;TIC;
1951;Simulation;3;1.58066204190254;;;;;;;;;
1087;Simulation moléculaire;1;0.410891056060791;;;;;;;;;
3425;Simulation numérique;2;1.55267721414566;;;;;;;;TIC;
2957;Simulations informatiques;1;0.854877531528473;;;;;;;;TIC;
807;Sismologie;9;6.89519788324833;;;;;;;;;
618;Skolkovo;1;0.714180827140808;;;;;;;;;
422;Smart cities;1;1.51805067062378;;;;;;;;SIC;
370;Société;10;9.59449407458305;;;;;;;;;
2946;Société de l'Information;10;14.4080703854561;;;;;;;;SIC;
1550;Société Fraunhofer;2;3.71122229099274;;;;;;;;;oui
1563;Société Ludwig Bolzmann;1;0.573186874389648;;;;;;;;;oui
728;Sociologie;4;6.30816829204559;;;;;;;;;
1283;Sociologie des sciences;1;0.676611304283142;;;;;;;;;
2252;Sondage;1;1.62770295143127;;;;;;;;;
1918;Soutenance de thèse;1;0.527318596839905;;;;;;;;;oui
1290;Soutien de la recherche;1;2.37869119644165;;;;;;;;;oui
486;spatial;57;74.3044598698616;;;;;;;;;
2802;Spécial;31;16.4371665418148;;;;;;;;;
4110;Spécial budget;1;2.24623465538025;;;;;;Spécial;;;
4018;Spécial DTI;1;1.1806263923645;;;;;;Spécial;;;
4007;Spécial ESB;3;1.02891018986702;;;;;;Spécial;;;
4094;Spécial expérimentation animale;1;0.506539225578308;;;;;;Spécial;;;
4091;Spécial Foresight;4;5.38832795619965;;;;;;Spécial;;;
4082;Spécial génome humain;1;0.973968267440796;;;;;;Spécial;;;
4136;Spécial Human Genome Project;1;0.284774601459503;;;;;;Spécial;;;
4074;Spécial laboratoires;1;0.441301852464676;;;;;;Spécial;;;
4083;Spécial science et élections;1;0.983135163784027;;;;;;Spécial;;;
4657;Spécial séismes;4;1.12400262057781;;;;;;Spécial;;;
4095;Spécial séquences génétiques;1;0.371458977460861;;;;;;Spécial;;;
3993;Spécial Société;1;1.34977102279663;;;;;;Spécial;;;
4065;Spécial structure informatique;1;0.808299601078033;;;;;;Spécial;;TIC;
4608;Spectroscopie;1;0.394568741321564;;;;;;;;;
860;Sport;1;0.376115351915359;;;;;;;;;
3797;Sport et médecine;1;0.745821535587311;;;;;;;;;
1824;Statistiques;5;4.398727029562;;;;;;;;;
978;STIC;34;72.0830144286156;;;;;;;;TIC;
4551;stratégie;3;2.24240046739578;;;;;;;;;
2167;Stratégie & politique de recherche;91;147.811536729336;;;;;;;;;
1378;Stratégie et Politique;12;13.3051362633705;;;;;;;;;
811;Stratégie régionale;1;0.939520359039307;;;;;;;;;
4718;stratégies politiques;4;8.23905265331268;;;;1378;;;;;
2086;Subvention;5;6.10202080011368;;;;;;;;;
1522;Suède en bref;1;0.813174664974213;;;;;;;;;oui
867;Supercalculateurs;9;7.96498638391495;;;;;;;;;
2989;Supplément;1;0.439019083976746;;;;;;;;;
1488;Supraconductivité;1;1.3986668586731;;;;;;;;;
3205;Sûreté nucléaire;1;0.996601045131683;;;;;;;;;
1783;Surveillance;1;0.722866535186768;;;;;;;;;
4492;Sylviculture;1;0.731141209602356;;;;;;;;;
4647;Symposium de Biarritz;2;2.03208518028259;;;;;;;;;oui
1117;Système de contrôle;1;0.899558126926422;;;;;;;;;
3291;Systèmes bioinspirés;1;0.973877310752869;;;;;;;;;
674;Systèmes d'information;2;4.30054366588593;;;;;;;;TIC;
2680;Systèmes d'information et de surveillance;1;1.46765220165253;;;;;;;;TIC;
2113;Systèmes embarqués;1;1.03326690196991;;;;;;;;TIC;
1012;Tansfert technologique;1;0.629182457923889;;;;741;;;;;
4519;technique;309;280.818505182862;;;;;;;;;
662;Techniques de l'information et de la communication;38;70.381786942482;;;;;;;;TIC;
2532;Techniques de production;1;0.841794431209564;;;;;;;;;
682;Technologie;89;88.1584706306458;;;;;;;;;
907;Technologie de l'Information;7;12.606430888176;;;;;;;;TIC;
695;Technologie de l'information et de la communication;1064;2379.23874032497;;;;;;;;TIC;
1839;Technologie de l'Information et des Télécommunications;2;2.74930357933044;;;;;;;;TIC;
2030;Technologie de la Communication;1;0.833494782447815;;;;;;;;TIC;
2460;Technologie de la production;1;0.828049421310425;;;;;;;;;
804;Technologie médicale;1;3.10165929794312;;;;;;;;;
1448;Technologie optique;1;0.386474043130875;;;;;;;;;
3379;Technologie sans-fil;2;1.45136332511902;;;;;;;;;
921;Technologie Spatiale;1;0.989700675010681;;;;;;;;;
493;Technologies;28;40.2974172830582;;;;;;;;;
953;Technologies de l'information;1296;1597.3711142838;;;;;;;;TIC;
4465;Technologies de l'Information et des Télécommunications;3;2.56766426563263;;;;;;;;TIC;
2171;Technologies de l'informatique et de la communication;1;1.32359266281128;;;;;;;;TIC;
1787;Technologies de la communication;1;4.04314756393433;;;;;;;;TIC;
2575;Technologies de la connaissance;1;0.637927293777466;;;;;;;;TIC;
2050;Technologies de la production;2;2.83961874246597;;;;;;;;;
1045;Technologies de pointe;3;2.53552460670471;;;;;;;;;
4135;Technologies et industrie;1;0.685081958770752;;;;;;;;;
3359;Technologies et innovation;3;2.60873460769653;;;;;;;;;
872;Technologies innovantes;3;1.82695823907852;;;;;;;;;
2285;Technologies médicales;3;4.21333420276642;;;;;;;;;
1705;Technologies sémantiques;1;0.798358380794525;;;;;;;;TIC;
4737;technologique;126;169.03310726583;;;;;;;;;
1397;Télécom;27;33.7875539660454;;;;4723;;;;TIC;
4745;Télécommuications;148;215.498216986656;;;;824;;;;;
735;Télécommunication;36;57.4147638678551;;;;824;;;;;
824;Télécommunications;189;266.613967001438;;;;;;;;TIC;
3229;Télécommunications et technologies de l'information;2;1.62104219198227;;;;;;;;TIC;
4723;Télécoms;63;94.9409462213516;;;;;;;;TIC;
2376;Télédétection;21;21.355972468853;;;;;;;;;
2419;Télématique;2;3.03771567344666;;;;;;;;;
2031;Télémédecine;2;4.72975409030914;;;;;;;;;
1848;Téléphonie;1;1.1158858537674;;;;;;;;TIC;
1597;Téléphonie mobile;2;1.24661576747894;;;;;;;;TIC;
4676;Terre;15;18.1701131463051;;;;;;;;;
1575;Textile;1;1.10483133792877;;;;;;;;;
1343;Thérapie;1;0.917023718357086;;;;;;;;;
1342;Thérapie génique;1;0.982929706573486;;;;;;;;;
698;Thermodynamique;1;0.967790484428406;;;;;;;;;
336;TIC;164;236.839122056961;;;;;;;;;
4394;TIC - spécial CeBIT;2;1.88583761453629;;;;336;;;;;
3558;TIC - Télécoms;1;0.913639008998871;;;;336;;;;;
1860;TIC et Informatique;1;0.765723526477814;;;;336;;;;;
3864;Tic et Société de l'Information;9;12.1605493426323;;;;336;;;;;
1749;TICE;1;0.564078509807587;;;;336;;;;;
1080;TICS;1;0.590035617351532;;;;336;;;;;
1583;Tokyo Motor Show 2009;1;0.740495145320892;;;;;;;;;oui
1558;Traçabilité;1;0.445944607257843;;;;;;;;;
4594;traitement d'images;1;1.04814946651459;;;;1441;;;;;
1055;Traitement de l'eau;2;0.580703854560852;;;;;;;;;
4550;Traitement de l'image;1;0.732972383499146;;;;1441;;;;;
3323;Traitement de surface;1;0.410047560930252;;;;;;;;;
1972;Traitement des déchets;1;0.460382670164108;;;;1252;;;;;
1441;Traitement des images;1;1.44151437282562;;;;;;;;TIC;
1125;Traitements cliniques;1;1.13044536113739;;;;;;;;;
1126;Traitements de données;1;0.550942420959473;;;;;;;;TIC;
1252;Traitements des déchets;1;0.58192503452301;;;;;;;;;
4542;Transactions Electroniques Sécurisées;1;0.348205953836441;;;;;;;;;
1098;Transfert de Patrimoine;1;1.08512401580811;;;;;;;;;
4725;Transfert de technologie;2;1.02865752577782;;;;741;;;;;
741;Transfert technologique;6;6.1798991560936;;;;;;;;;
2077;Transmission de données;1;1.8402214050293;;;;;;;;TIC;
704;Transport;33;40.9596269130707;;;;367;;;;;
1813;Transport aérien;1;0.568183720111847;;;;;;;;;
2020;Transport Environnement;1;1.34592926502228;;;;;;;;;
2958;Transport ferroviaire;3;3.25072801113129;;;;;;;;;
367;Transports;103;101.005234003067;;;;;;;;;
4343;Transports urbains;2;1.52864146232605;;;;;;;;;
3617;Travaux Publics;8;14.3302455246449;;;;;;;;;
2408;Très Grandes Infrastructures;4;3.04664865136147;;;;;;;;;
2980;Tsunami;1;0.480926126241684;;;;;;;;;
1912;Union Européenne;1;0.483431607484818;;;;;;;;;
602;Université;144;129.252783507109;;;;;;;;;
4734;universités;81;78.9109931439161;;;;602;;;;;
502;Urbanisme;4;3.96228304505348;;;;;;;;;
471;Valorisation de la recherche;1;0.982644319534302;;;;;;;;;
425;Valorisation des ressources naturelles;2;1.40246891975403;;;;;;;;;
1490;vétérinaire;2;1.28144687414169;;;;;;;;;
2696;Vie Scientifique;34;47.5591799616814;;;;;;;;;
3961;Ville et technologie;1;0.800726115703583;;;;;;;;;
917;Virologie;3;1.48017004132271;;;;;;;;;
1989;Visites Officielles;1;2.08026027679443;;;;;;;;;oui
1469;Visualisation en relief;1;0.73040646314621;;;;;;;;TIC;
2223;Viticulture;1;1.47217452526093;;;;;;;;;
737;Voir autrement;2;1.36733770370483;;;;;;;;;oui
4552;Volcanisme;1;1.14044642448425;;;;;;;;;
665;volcanologie;5;4.12736749649048;;;;;;;;;
3068;Vulgarisation scientifique;3;3.8168568611145;;;;;;;;;
1301;Workshop;1;0.358253479003906;;;;;;;;;
484;Zoologie;8;7.01440846920013;;;;;;;;;
