tag,desc,an,nbTag,nbUti,nbDoc,pays
Aéronautique/Communications aériennes,domaine,2004,1,1,1,France
Agenda & informations,domaine,2009,5,1,5,Taiwan
Cinquantenaire de l'ONERA / Télécommunications,domaine,1996,2,1,2,France
Cinquantenaire du CNET / Télécommunications,domaine,1995,3,1,3,France
Communication,domaine,2007,2,1,2,Hongrie
Communication,domaine,2009,1,1,1,Inde
Communication / Espace,domaine,2006,1,1,1,Allemagne
Communication / Information scientifique,domaine,2009,3,1,3,Autriche
Communication & Innovation,domaine,2011,1,1,1,Brésil
Communication du service scientifique,domaine,2005,4,1,4,Portugal
Communication du service scientifique,domaine,2006,5,1,5,Portugal
Communication du service scientifique,domaine,2007,1,1,1,Portugal
Communication scientifique,domaine,2003,2,1,2,Belgique
Communication scientifique,domaine,2011,1,1,1,Allemagne
Communication scientifique,domaine,2013,4,2,1,Pologne
Communication-Innovation,domaine,2006,1,1,1,Canada
Communications,domaine,2005,2,1,2,Norvège
Communications,domaine,2010,2,1,2,Allemagne
Communications,domaine,2013,1,1,1,Japon
Complément d'information,domaine,2005,1,1,1,Norvège
DOSSIER SECTORIEL : Les Systèmes d'Information Géographique en Norvège,domaine,2002,8,1,8,Norvège
Electronique - Technologies de l'Information,domaine,2002,3,1,3,Israël
Electronique & Technologies de l'information,domaine,2002,3,1,3,Israël
"Electronique, informatique, télécommunications",domaine,2005,7,1,7,Corée
Energie/Télécommunications,domaine,2004,1,1,1,France
Energie/Télécommunications,domaine,2005,1,1,1,France
Espace - Télécommunications,domaine,2000,4,1,4,Canada
Espace / Communication,domaine,2004,1,1,1,France
Espace / Télécommunications,domaine,1998,1,1,1,France
Espace/Télécommunications,domaine,2002,2,1,2,France
Espace/Télécommunications,domaine,2003,3,1,3,France
Espace/Télécommunications,domaine,2004,1,1,1,France
Espace/Télécommunications,domaine,2005,2,1,2,France
Espace/Télécommunications,domaine,2006,1,1,1,France
Espace/Télécommunications/Internet,domaine,2004,1,1,1,France
Information,domaine,2012,1,1,1,Canada
Information générale,domaine,2004,1,1,1,Italie
Informations,domaine,2003,1,1,1,Irlande
Informations - Communication,domaine,2004,1,1,1,Italie
Informatique - Communication,domaine,2005,1,1,1,Allemagne
Informatique - Electronique - Communication,domaine,2000,11,1,11,Australie
Informatique - Electronique - Communication,domaine,2001,15,1,15,Australie
Informatique - Electronique - Communications,domaine,2002,3,1,3,Australie
Informatique - Electronique - Télécommunications,domaine,2002,22,1,22,Royaume-Uni
Informatique - Télécommunication,domaine,2007,3,1,3,Corée
Informatique - Télécommunications,domaine,2002,21,1,21,Royaume-Uni
Informatique - Télécommunications,domaine,2003,2,1,2,Australie
Informatique - Télécommunications,domaine,2004,1,1,1,Singapour
Informatique - Télécommunications,domaine,2006,2,1,2,Allemagne
Informatique - Télécommunications - Transport,domaine,2003,3,1,3,Australie
Informatique - Télécommunications - Transports,domaine,2003,3,1,3,Australie
Informatique / Télécommunication,domaine,2004,2,1,2,Singapour
Informatique / Télécommunication,domaine,2005,1,1,1,Afrique
Informatique / Télécommunication,domaine,2006,4,1,4,Afrique
Informatique & télécommunications,domaine,2006,3,1,3,Inde
Informatique et communication,domaine,2005,6,1,6,Singapour
Informatique et communication,domaine,2007,1,1,1,Slovénie
Informatique et technologies de l'information et des télécommunications,domaine,2011,3,1,3,Irlande
Informatique et Télécommunication,domaine,2002,64,1,64,Japon
Informatique et Télécommunications,domaine,2003,62,1,62,Japon
Informatique et Télécommunications,domaine,2004,112,1,112,Japon
Informatique et Télécommunications,domaine,2005,124,1,124,Corée
Informatique et Télécommunications,domaine,2006,13,1,13,Inde
Informatique et Télécommunications,domaine,2007,2,1,2,Inde
Informatique et Télécommunications,domaine,2008,4,2,1,Espagne
Informatique-Télécommunication,domaine,2006,10,1,10,Corée
Informatique-Télécommunication,domaine,2007,13,1,13,Corée
Informatique-Télécommunication,domaine,2008,2,1,2,Corée
"Informatique, électronique, télécommunications",domaine,2000,6,1,6,Australie
Informatique/ Télécommunication,domaine,2006,3,1,3,Singapour
Informatique/ Télécommunications,domaine,2006,4,1,4,Singapour
Informatique/Ingénierie documentaire/Gestion de l'information,domaine,2004,1,1,1,France
Informatique/Technologies de l'Information et des Communications/ Arts,domaine,2009,3,1,3,Irlande
Informatique/Télécommunication,domaine,2004,6,1,6,Singapour
Informatique/Télécommunication,domaine,2005,15,1,15,Afrique
Informatique/Télécommunication,domaine,2006,17,1,17,Afrique
Informatique/Télécommunication,domaine,2007,14,1,14,Afrique
Informatique/Télécommunications,domaine,2003,1,1,1,France
Informatique/Télécommunications,domaine,2005,7,1,7,Afrique
Informatiques et télécommunications,domaine,2003,1,1,1,Japon
Innovation et communication,domaine,2011,1,1,1,Brésil
Matériaux / Technologies de l'information,domaine,1994,1,1,1,France
Microélectronique/Télécommunications,domaine,2003,1,1,1,France
Moyens d'essais / Télécommunications,domaine,1997,1,1,1,France
Nouvelles technologies de l'information,domaine,2003,1,1,1,Slovénie
Nouvelles technologies de l'information et de la communication,domaine,2009,1,1,1,Corée
Nouvelles technologies de l'information et de la télécommunication,domaine,2009,1,1,1,Corée
Nouvelles technologies de l'information et la communication,domaine,2005,1,1,1,Allemagne
Nouvelles technologies informatique et télécommunication,domaine,2008,4,2,1,Corée
Nouvelles technologies informatique et télécommunication,domaine,2009,1,1,1,Corée
NTIC - Radiocommunications,domaine,2004,1,1,1,Allemagne
NTIC - Télécommunications,domaine,2003,1,1,1,Allemagne
NTIC - Télécommunications,domaine,2004,1,1,1,Allemagne
NTIC - Télécommunications appliquées,domaine,2004,1,1,1,Allemagne
NTIC / Télécommunications,domaine,2003,1,1,1,Singapour
NTIC / Télécommunications,domaine,2004,1,1,1,Allemagne
NTIC et Société de l'Information,domaine,2002,7,1,7,Irlande
NTIC/Télécommunications,domaine,2002,3,1,3,France
Observation de la Terre / Télécommunications / Espace,domaine,2000,1,1,1,France
Optique/Télécommunications/Aéronautique/Espace,domaine,2004,1,1,1,France
Politique / Télécommunications,domaine,2003,1,1,1,Singapour
Politique de la recherche - Télécommunications,domaine,2007,1,1,1,Allemagne
Politique et informations générales scientifiques,domaine,2001,29,1,29,Australie
Politique et informations générales scientifiques,domaine,2002,12,1,12,Australie
Politique et informations générales scientifiques,domaine,2003,5,1,5,Australie
Politique et informations scientifiques,domaine,2001,5,1,5,Australie
Politique et informations scientifiques,domaine,2002,19,1,19,Australie
Politique et informations scientifiques,domaine,2003,21,1,21,Australie
Politique et informations scientifiques,domaine,2004,14,1,14,Australie
Politique scientifique & informations générales,domaine,2005,4,1,4,Australie
Politique scientifique & informations générales,domaine,2006,16,1,16,Australie
Politique scientifique & informations générales,domaine,2007,14,1,14,Australie
Politique scientifique & informations générales,domaine,2008,10,2,4,Australie
Politique scientifique et informations générales,domaine,2005,3,1,3,Australie
Politique scientifique et informations générales,domaine,2006,13,1,13,Australie
Politique scientifique et informations générales,domaine,2007,4,1,4,Australie
Politiques et informations générales scientifiques,domaine,2003,3,1,3,Australie
Politiques scientifiques & informations générales,domaine,2008,8,2,2,Australie
Réseaux & Télécommunications,domaine,2007,4,1,4,Japon
Réseaux & Télécommunications,domaine,2008,20,2,5,Japon
Réseaux et télécommunications,domaine,2006,32,1,32,Japon
Réseaux et télécommunications,domaine,2007,15,1,15,Japon
Réseaux et télécommunications,domaine,2008,3,1,3,Japon
Satellites / Télécommunications,domaine,1996,1,1,1,France
Satellites / Télécommunications / Observation de la Terre,domaine,1996,1,1,1,France
Science de l'information,domaine,2001,10,1,10,Brésil
Science de l'information,domaine,2002,16,1,16,Brésil
Science de l'information,domaine,2003,14,1,14,Brésil
Science de l'information,domaine,2004,4,1,4,Brésil
Science et technologie de l'information,domaine,2004,2,1,2,Slovénie
Science et technologie de l'information,domaine,2009,2,1,2,Japon
Science et technologie de l'information et de la communication,domaine,2005,4,1,4,Norvège
Science et technologies de l'information et de la communication,domaine,2006,1,1,1,Chine
Sciences de l'information,domaine,2001,12,1,12,Brésil
Sciences de l'information,domaine,2002,3,1,3,Slovénie
Sciences de l'information,domaine,2003,1,1,1,Amérique
Sciences de l'information,domaine,2004,11,1,11,Amérique
Sciences de l'information,domaine,2005,2,1,2,Amérique
Sciences de l'information,domaine,2006,1,1,1,Canada
Sciences de l'information et de la communication,domaine,2004,2,1,2,Norvège
Sciences de l'information et de la communication,domaine,2008,14,2,5,Australie
Sciences de l'information et de la communication,domaine,2009,4,2,1,Australie
Sciences de l'information et société,domaine,2004,1,1,1,Pays-Bas
Sciences de Technologie et de l'Information,domaine,2005,5,1,5,Etats-Unis
Sciences et Technologie de l'Information et de la Communication,domaine,2008,4,2,1,Norvège
Sciences et technologies de l'information,domaine,2002,3,1,3,Norvège
Sciences et technologies de l'information,domaine,2005,5,1,5,Norvège
Sciences et technologies de l'information,domaine,2009,6,1,6,Japon
Sciences et technologies de l'information,domaine,2010,1,1,1,Japon
Sciences et Technologies de l'information et communication,domaine,2005,17,1,17,Etats-Unis
Sciences et Technologies de l'information et communication,domaine,2006,67,1,67,Etats-Unis
Sciences et technologies de l'information et de la communication,domaine,2001,6,1,6,Norvège
Sciences et technologies de l'information et de la communication,domaine,2002,2,1,2,Norvège
Sciences et technologies de l'information et de la communication,domaine,2003,13,1,13,Chine
Sciences et technologies de l'information et de la communication,domaine,2004,40,1,40,Chine
Sciences et technologies de l'information et de la communication,domaine,2005,55,1,55,Chine
Sciences et technologies de l'information et de la communication,domaine,2006,109,1,109,Etats-Unis
Sciences et technologies de l'information et de la communication,domaine,2007,124,1,124,Etats-Unis
Sciences et technologies de l'information et de la communication,domaine,2008,368,2,98,Etats-Unis
Sciences et technologies de l'information et de la communication,domaine,2009,162,2,123,Etats-Unis
Sciences et technologies de l'information et de la communication,domaine,2010,20,1,20,Etats-Unis
Sciences et technologies de l'information et de la communication,domaine,2011,24,7,24,Etats-Unis
Sciences et technologies de l'information et de la communication,domaine,2012,22,18,22,Etats-Unis
Sciences et technologies de l'information et de la communication,domaine,2013,29,18,20,Etats-Unis
Sciences et technologies de l'information et de la communication,domaine,2014,1,1,1,Etats-Unis
Sciences et technologies de l'information et de la télécommunication,domaine,2001,3,1,3,Norvège
Sciences et technologies de l'information et de la télécommunication,domaine,2002,5,1,5,Norvège
Sciences et technologies de l'information et de la télécommunication,domaine,2003,2,1,2,Norvège
Sciences et Technologies de l'Information et des Télécommunications,domaine,2008,4,2,1,Etats-Unis
Société de l'Information,domaine,2002,2,1,2,Irlande
Société de l'Information,domaine,2005,1,1,1,Portugal
Spatial / Télécommunications,domaine,2006,1,1,1,Allemagne
Spatial / Télécommunications,domaine,2009,1,1,1,Allemagne
Spécial communications,domaine,2000,1,1,1,Royaume-Uni
Systèmes d'information,domaine,2011,1,1,1,Belgique
Systèmes d'information,domaine,2013,1,1,1,Slovaquie
Systèmes d'information et de surveillance,domaine,2006,1,1,1,Norvège
Techniques de l'information et de la communication,domaine,2009,3,1,3,Australie
Techniques de l'information et de la communication,domaine,2011,11,6,11,Japon
Techniques de l'information et de la communication,domaine,2012,21,9,21,Japon
Techniques de l'information et de la communication,domaine,2013,2,2,2,Japon
Techniques de l'Informations et de la Communication,domaine,2011,1,1,1,Japon
Technolgies de l'information,,2013,1,1,1,Danemark
Technolgies de l'information et de la communication,domaine,2009,4,1,4,Royaume-Uni
Technologie de l'information,domaine,2012,2,2,2,Espagne
Technologie de l'Information (IT),domaine,2008,8,2,2,Inde
Technologie de l'Information / Informatique,domaine,2005,2,1,2,Danemark
Technologie de l'information et communication,domaine,2006,1,1,1,Canada
Technologie de l'information et de la communication,domaine,2002,3,1,3,Slovénie
Technologie de l'information et de la communication,domaine,2003,57,1,57,Royaume-Uni
Technologie de l'information et de la communication,domaine,2004,89,1,89,Royaume-Uni
Technologie de l'information et de la communication,domaine,2005,9,1,9,Royaume-Uni
Technologie de l'information et de la communication,domaine,2006,3,1,3,Royaume-Uni
Technologie de l'information et de la communication,domaine,2008,24,2,6,Royaume-Uni
Technologie de l'information et de la communication,domaine,2009,1,1,1,Australie
Technologie de l'information et de la communication,domaine,2010,5,1,5,Norvège
Technologie de l'information et de la communication,domaine,2011,1,1,1,Brésil
Technologie de l'information et de la communication,domaine,2012,1,1,1,Espagne
Technologie de l'information et de la communication,domaine,2013,1,1,1,Italie
Technologie de l'information et de la communication.,domaine,2003,1,1,1,Corée
Technologie de l'information et des communications,domaine,2008,12,2,3,Irlande
Technologie de l'information et des communications,domaine,2009,1,1,1,Irlande
Technologie de l'Information et des Télécommunications,domaine,2009,2,1,2,Irlande
Technologie de la Communication,domaine,2008,4,2,1,Norvège
Technologies de l'information,domaine,1994,1,1,1,France
Technologies de l'information,domaine,1997,242,1,242,Japon
Technologies de l'information,domaine,1998,372,1,372,Japon
Technologies de l'information,domaine,1999,253,1,253,Japon
Technologies de l'information,domaine,2000,38,1,38,Canada
Technologies de l'information,domaine,2001,89,1,89,Corée
Technologies de l'information,domaine,2002,33,1,33,Corée
Technologies de l'information,domaine,2003,74,1,74,Israël
Technologies de l'information,domaine,2004,54,1,54,Israël
Technologies de l'information,domaine,2005,33,1,33,Israël
Technologies de l'information,domaine,2006,36,1,36,Israël
Technologies de l'information,domaine,2007,15,1,15,Israël
Technologies de l'information,domaine,2008,33,2,9,Israël
Technologies de l'information,domaine,2009,3,1,3,Japon
Technologies de l'information,domaine,2011,3,2,3,Russie
Technologies de l'information,domaine,2012,1,1,1,Corée
Technologies de l'information - Communications,domaine,2003,15,1,15,Israël
Technologies de l'Information - Enseignement supérieur,domaine,2001,1,1,1,Etats-Unis
Technologies de l'information - Robotique,domaine,2002,5,1,5,Israël
Technologies de l'information - Robotique,domaine,2004,8,1,8,Israël
Technologies de l'Information / Informatique,domaine,2005,2,1,2,Danemark
Technologies de l'Information / Informatique,domaine,2006,1,1,1,Danemark
Technologies de l'Information / Informatique,domaine,2008,4,2,1,Danemark
Technologies de l'information & de la communication,domaine,2006,2,1,2,Australie
Technologies de l'information et de la communciation,domaine,2008,4,2,1,Allemagne
Technologies de l'information et de la communication,domaine,2000,35,1,35,Norvège
Technologies de l'information et de la communication,domaine,2001,65,1,65,Autriche
Technologies de l'information et de la communication,domaine,2002,81,1,81,Espagne
Technologies de l'information et de la communication,domaine,2003,129,1,129,Royaume-Uni
Technologies de l'information et de la communication,domaine,2004,77,1,77,Espagne
Technologies de l'information et de la communication,domaine,2005,129,1,129,Royaume-Uni
Technologies de l'information et de la communication,domaine,2006,64,1,64,Royaume-Uni
Technologies de l'information et de la communication,domaine,2007,42,1,42,Royaume-Uni
Technologies de l'information et de la communication,domaine,2008,183,2,48,Royaume-Uni
Technologies de l'information et de la communication,domaine,2009,19,2,13,Royaume-Uni
Technologies de l'information et de la communication,domaine,2010,11,1,11,Royaume-Uni
Technologies de l'information et de la communication,domaine,2011,68,19,68,Royaume-Uni
Technologies de l'information et de la communication,domaine,2012,19,9,19,Royaume-Uni
Technologies de l'information et de la communication,domaine,2013,29,15,29,Royaume-Uni
Technologies de l'information et de la communication,domaine,2014,6,3,6,Japon
Technologies de l'Information et de la Communication (TIC),domaine,2004,2,1,2,Pays-Bas
Technologies de l'Information et de la Communication (TIC),domaine,2009,2,1,2,Autriche
Technologies de l'Information et de la Communications,domaine,2000,6,1,6,Australie
Technologies de l'information et des communications,domaine,2002,5,1,5,Slovénie
Technologies de l'information et des communications,domaine,2005,2,1,2,Allemagne
Technologies de l'information et des communications,domaine,2012,3,2,3,Taiwan
Technologies de l'Information et des Communications / Télécom,domaine,2011,2,1,2,Irlande
Technologies de l'Information et des Télécommunications / Nanotechnologies,domaine,2010,3,1,3,Irlande
Technologies de l'informations & de la communication,domaine,2011,2,1,2,Allemagne
Technologies de l'informatique et de la communication,domaine,2007,1,1,1,Slovaquie
Technologies de la communication,domaine,2009,1,1,1,Hongrie
Technologies de la communication et de l'information,domaine,2005,9,1,9,Royaume-Uni
Technologies/ Communications,domaine,2003,1,1,1,Portugal
Télécommuications - Autoroutes de l'information,domaine,1999,1,1,1,Canada
Télécommunication,domaine,2006,17,1,17,Allemagne
Télécommunication,domaine,2007,9,1,9,Allemagne
Télécommunication,domaine,2008,4,2,1,Canada
Télécommunication,domaine,2010,5,1,5,Japon
Télécommunication,domaine,2012,3,2,3,Italie
Télécommunication / Informatique,domaine,2007,1,1,1,Allemagne
Télécommunication / Santé,domaine,2006,1,1,1,Allemagne
Télécommunication 3G,domaine,2004,1,1,1,Allemagne
Télécommunications,domaine,1994,7,1,7,France
Télécommunications,domaine,1995,12,1,12,France
Télécommunications,domaine,1996,11,1,11,France
Télécommunications,domaine,1997,11,1,11,France
Télécommunications,domaine,1998,4,1,4,France
Télécommunications,domaine,2000,1,1,1,France
Télécommunications,domaine,2001,7,1,7,France
Télécommunications,domaine,2003,4,1,4,Allemagne
Télécommunications,domaine,2004,14,1,14,Allemagne
Télécommunications,domaine,2005,6,1,6,Australie
Télécommunications,domaine,2006,30,1,30,Allemagne
Télécommunications,domaine,2007,10,1,10,Allemagne
Télécommunications,domaine,2008,20,2,5,Brésil
Télécommunications,domaine,2009,6,1,6,Suède
Télécommunications,domaine,2010,17,1,17,Allemagne
Télécommunications,domaine,2011,1,1,1,Slovaquie
Télécommunications,domaine,2012,3,3,3,Canada
Télécommunications - Autoroute de l'information,domaine,1997,4,1,4,Canada
Télécommunications - Autoroutes de l'information,domaine,1997,36,1,36,Canada
Télécommunications - Autoroutes de l'information,domaine,1998,53,1,53,Canada
Télécommunications - Autoroutes de l'information,domaine,1999,22,1,22,Canada
Télécommunications - Autoroutes de l'information,domaine,2000,28,1,28,Canada
Télécommunications / Autoroutes de l'information,domaine,1997,2,1,2,Canada
Télécommunications / Médecine,domaine,2007,1,1,1,Allemagne
Télécommunications & Informatique,domaine,2001,3,1,3,Israël
Télécommunications & Informatique,domaine,2002,5,1,5,Israël
Télécommunications et technologies de l'information,domaine,2004,2,1,2,Danemark
Télécommunications/Défense,domaine,2002,1,1,1,France
Télécommunications/Nanotechnologies,domaine,2006,1,1,1,France
Télécommunications/Santé,domaine,2006,1,1,1,Allemagne
Télécomunications - Autoroutes de l'information,domaine,1997,2,1,2,Canada
Télécomunications - Autoroutes de l'information,domaine,1999,2,1,2,Canada
Tic et Société de l'Information,domaine,2002,9,1,9,Irlande
"TIC, Technologies de l'Information et de la Communication",domaine,2005,4,1,4,Amérique
TIC/ Télécommunication,domaine,2007,3,1,3,Portugal
TIC/Télécommunications,domaine,2004,1,1,1,France
TIC/Télécommunications,domaine,2006,1,1,1,France
Transport/Télécommunications,domaine,2006,1,1,1,Allemagne
