Login,groupe,gestion
abdel salem ahmed.al_hajjar,Historique,restreint
eamato,Historique,restreint
balpe.jp,Historique,restreint
cbaltz,Historique,restreint
benayoun.maurice,Membre,admin
nasreddine.bouhai,Membre,admin
mehdi.bourgeois,Associé,restreint
safwan.chendeb,Membre,admin
gaetan.darquie,Doctorant,restreint
marwa.el_sahn,Historique,restreint
viviane.folcher,Membre,admin
robin,Doctorant,restreint
tao.hong,Doctorant,restreint
henri.hudrisier,Historique,restreint
mohamed tahar.ileh,Doctorant,restreint
rachel.kamga,Historique,restreint
gerald.kembellec,Historique,restreint
christophe.leclercq,Historique,restreint
laure.leroy,Membre,admin
sloupien,Historique,restreint
sylvainemartindeguise,Historique,restreint
amkadmi,Historique,restreint
onyx16b,Associé,restreint
camille.pb,Historique,restreint
mail,Associé,restreint
berno.rieder,Historique,restreint
everardo.reyes-garcia,Historique,restreint
mohamed fadhel.saadallah,Historique,restreint
isaleh,Membre,admin
samuel.szoniecky,Membre,admin
claude.yacoub,Associé,restreint
yaojin2006,Historique,restreint
zreik,Membre,restreint
sarah.couillaud,Doctorant,restreint
guillaume,Membre,admin
poret_celine,Doctorant,restreint
gbursztyn,Doctorant,restreint
sallyhamarneh,Doctorant,restreint
emira.elasmi,Doctorant,restreint
tianlei0105,Doctorant,restreint
subhigham,Doctorant,restreint
salous848,Doctorant,restreint
sandraalvarosanchez,Associé,restreint
lucile.gimenez,Doctorant,restreint
ashraf_amad,Doctorant,restreint
j.j.g,Doctorant,restreint
mathieu.andro,Doctorant,restreint
